country,broadband,mobile
Afghanistan,8.26,7.27
Albania,45.55,61.56
Algeria,10.43,18.1
Angola,14.86,25.87
Argentina,58.87,29.77
Armenia,38.95,34.53
Australia,82.73,135.3
Austria,94.31,71.81
Azerbaijan,25.1,40.69
Bahamas,61.75,
Bahrain,73.95,86.04
Bangladesh,40.31,13.43
Belarus,69.41,19.41
Belgium,125.12,69.76
Benin,16.23,
Bhutan,24.76,
Bolivia,27.8,22.57
Bosnia and Herzegovina,48.51,36.61
Botswana,11.21,
Brazil,113.09,33.92
Brunei,34.59,67.32
Bulgaria,86.75,142.27
Burkina Faso,25.54,
Burundi,11.18,
Cambodia,28.32,23.75
Canada,183.81,95.78
Cape Verde,26.94,
,,
,,
Chile,217.6,21.23
China,196.57,165.38
Colombia,72.19,18.33
Costa Rica,56.39,34.01
Croatia,69.09,114.76
Cuba,4.01,25.02
Cyprus,55.11,144.64
,,
,,
Denmark,227.91,112.03
Djibouti,18.27,
Dominica,34.9,
Dominican Republic,32.26,31.45
Ecuador,39.07,24.62
Egypt,39.97,24.95
El Salvador,27.04,26.85
Equatorial Guinea,7.95,
Estonia,88.49,75.29
Ethiopia,14.17,26.17
Fiji,20.76,28.51
Finland,135.05,88.23
France,214.04,86.51
Gabon,22.5,
Gambia,12.24,
Georgia,28.61,39.84
Germany,136.66,83.06
Ghana,52.1,12.9
Greece,39.08,92.54
Grenada,57.07,
Guatemala,23.72,29.69
Guinea,8.84,
Guyana,65.93,
Haiti,20.67,19.71
,,
Honduras,26.93,30.84
Hong Kong,254.7,83.58
Hungary,210.55,60.16
,,
India,64.03,17.89
Indonesia,27.83,23.12
Iran,21.36,35.48
Ireland,122.55,62.66
Israel,162.66,48.3
Italy,104.09,55.41
Japan,178.76,69.02
Kazakhstan,63.28,31.74
Kenya,19.35,22.14
Kuwait,149.37,157.18
Kyrgyzstan,51.07,24.71
Laos,48.16,30.93
,,
Latvia,135.22,50.07
Lebanon,18.22,32.64
Lesotho,24.64,
Liberia,25.68,
Lithuania,147.05,66.25
,,
,,
,,
Luxembourg,172.05,116.76
Macau,178.9,62.31
Malaysia,107.55,31.34
Maldives,27.42,66.9
Mali,20.82,29.79
Malta,144.06,70.73
Mauritania,11.55,19.96
Mauritius,39.85,30.28
Mexico,54.88,34.33
Micronesia,22.54,
,,
Mongolia,53.53,21.34
Montenegro,60.03,44.48
Morocco,27.21,39.52
Mozambique,9.27,25.02
Myanmar,20.69,28.19
Namibia,19.58,23.18
Nepal,33.87,22.39
Netherlands,165,106.98
New Zealand,170.51,75.91
Nicaragua,29.94,26.59
Nigeria,17.65,24.74
,,
North Macedonia,43.24,64.02
Norway,168.25,177.72
Oman,68.28,91.21
Pakistan,13.84,19.82
Palestine,29.46,7.57
Panama,137.38,20.44
Paraguay,72.5,20.65
Peru,58.73,24.82
Philippines,71.85,35.03
Poland,156.33,57.23
Portugal,162.55,59.91
Qatar,113.88,172.18
Romania,232.17,59.67
Russia,95.96,28.99
Rwanda,26.26,
Saint Lucia,52.3,
San Marino,121.4,
Saudi Arabia,94.64,155.97
Senegal,35.01,23.59
Serbia,86.77,53.82
Seychelles,24.9,
Sierra Leone,13.56,
Singapore,255.83,105.01
Slovakia,115.11,56.01
Slovenia,115.61,74.84
Somalia,18.98,14.74
South Africa,54.75,52.19
South Korea,212.57,202.61
Spain,201.47,61.62
Sri Lanka,26.08,16.58
Sudan,7.92,14.51
Suriname,15.93,42.97
Sweden,174.9,103.08
Switzerland,229.96,135.7
Syria,12.72,19.21
Taiwan,152.01,95.51
Tajikistan,35.45,16.15
Tanzania,19.77,13.23
Thailand,225.17,56.9
,,
Togo,20.76,36.08
Tunisia,11.13,35.57
Turkey,43.48,48.85
Uganda,13.55,19.02
Ukraine,76.82,31.95
United Arab Emirates,189.07,238.06
United Kingdom,102.24,86.56
United States,203.81,110.07
Uruguay,69.91,38.08
Uzbekistan,45.88,19.29
Venezuela,23.92,7.68
Vietnam,78.34,43.32
Yemen,7.59,
Zambia,17.24,18.98
Zimbabwe,17.81,
